X.category,term.ID,term.description,observed.gene.count,background.gene.count,strength,signal,false.discovery.rate,matching.proteins.in.your.network..IDs.,matching.proteins.in.your.network..labels.
KEGG,hsa04650,Natural killer cell mediated cytotoxicity,22,120,1.56,4.88,1.9e-24,"9606.ENSP00000046794,9606.ENSP00000216341,9606.ENSP00000229135,9606.ENSP00000249071,9606.ENSP00000262629,9606.ENSP00000264832,9606.ENSP00000264972,9606.ENSP00000289902,9606.ENSP00000311032,9606.ENSP00000354782,9606.ENSP00000356694,9606.ENSP00000356946,9606.ENSP00000364898,9606.ENSP00000379873,9606.ENSP00000380948,9606.ENSP00000391592,9606.ENSP00000398698,9606.ENSP00000399168,9606.ENSP00000472929,9606.ENSP00000477713,9606.ENSP00000478289,9606.ENSP00000484431","LCP2,GZMB,IFNG,RAC2,TYROBP,ICAM1,ZAP70,FCER1G,CASP3,CD247,FASLG,FCGR3A,SYK,HLA-A,ITGB2,PTPN6,TNF,HLA-B,VAV1,LCK,LOC102723407,CD48"
KEGG,hsa05169,Epstein-Barr virus infection,22,192,1.35,3.7,1.09e-20,"9606.ENSP00000226574,9606.ENSP00000260010,9606.ENSP00000264832,9606.ENSP00000300692,9606.ENSP00000305651,9606.ENSP00000311032,9606.ENSP00000354394,9606.ENSP00000354782,9606.ENSP00000360250,9606.ENSP00000361359,9606.ENSP00000364898,9606.ENSP00000376500,9606.ENSP00000379873,9606.ENSP00000380697,9606.ENSP00000398632,9606.ENSP00000398698,9606.ENSP00000399168,9606.ENSP00000428924,9606.ENSP00000478289,9606.ENSP00000481380,9606.ENSP00000483570,9606.ENSP00000498321","NFKB1,TLR2,ICAM1,CD3D,CXCL10,CASP3,STAT1,CD247,ENTPD1,CD40,SYK,TRAF3,HLA-A,IRF7,CD44,TNF,HLA-B,LYN,LOC102723407,CCNA2,BTK,MYD88"
KEGG,hsa05140,Leishmaniasis,16,69,1.66,4.34,2.84e-19,"9606.ENSP00000221930,9606.ENSP00000226574,9606.ENSP00000229135,9606.ENSP00000260010,9606.ENSP00000271450,9606.ENSP00000354394,9606.ENSP00000356946,9606.ENSP00000363089,9606.ENSP00000367851,9606.ENSP00000371067,9606.ENSP00000380948,9606.ENSP00000391592,9606.ENSP00000398698,9606.ENSP00000478289,9606.ENSP00000496959,9606.ENSP00000498321","TGFB1,NFKB1,IFNG,TLR2,FCGR2A,STAT1,FCGR3A,TLR4,CYBB,JAK2,ITGB2,PTPN6,TNF,LOC102723407,ITGAM,MYD88"
KEGG,hsa05152,Tuberculosis,20,165,1.38,3.6,2.84e-19,"9606.ENSP00000009530,9606.ENSP00000219150,9606.ENSP00000221930,9606.ENSP00000226574,9606.ENSP00000229135,9606.ENSP00000260010,9606.ENSP00000271450,9606.ENSP00000289902,9606.ENSP00000311032,9606.ENSP00000354394,9606.ENSP00000356946,9606.ENSP00000357981,9606.ENSP00000363089,9606.ENSP00000364898,9606.ENSP00000371067,9606.ENSP00000380948,9606.ENSP00000398698,9606.ENSP00000478289,9606.ENSP00000496959,9606.ENSP00000498321","CD74,CORO1A,TGFB1,NFKB1,IFNG,TLR2,FCGR2A,FCER1G,CASP3,STAT1,FCGR3A,CTSS,TLR4,SYK,JAK2,ITGB2,TNF,LOC102723407,ITGAM,MYD88"
KEGG,hsa05170,Human immunodeficiency virus 1 infection,19,203,1.27,2.96,1.61e-16,"9606.ENSP00000011653,9606.ENSP00000226574,9606.ENSP00000249071,9606.ENSP00000256442,9606.ENSP00000260010,9606.ENSP00000278616,9606.ENSP00000292303,9606.ENSP00000300692,9606.ENSP00000311032,9606.ENSP00000312999,9606.ENSP00000354782,9606.ENSP00000356694,9606.ENSP00000363089,9606.ENSP00000378699,9606.ENSP00000379873,9606.ENSP00000386884,9606.ENSP00000398698,9606.ENSP00000399168,9606.ENSP00000498321","CD4,NFKB1,RAC2,CCNB1,TLR2,ATM,CCR5,CD3D,CASP3,GNAI2,CD247,FASLG,TLR4,CDK1,HLA-A,CXCR4,TNF,HLA-B,MYD88"
KEGG,hsa05235,PD-L1 expression and PD-1 checkpoint pathway in cancer,14,87,1.5,3.26,5.49e-15,"9606.ENSP00000011653,9606.ENSP00000226574,9606.ENSP00000229135,9606.ENSP00000260010,9606.ENSP00000264972,9606.ENSP00000300692,9606.ENSP00000354394,9606.ENSP00000354782,9606.ENSP00000361021,9606.ENSP00000363089,9606.ENSP00000371067,9606.ENSP00000391592,9606.ENSP00000477713,9606.ENSP00000498321","CD4,NFKB1,IFNG,TLR2,ZAP70,CD3D,STAT1,CD247,PTEN,TLR4,JAK2,PTPN6,LCK,MYD88"
KEGG,hsa04064,NF-kappa B signaling pathway,14,101,1.44,3.02,2.72e-14,"9606.ENSP00000226574,9606.ENSP00000264832,9606.ENSP00000264972,9606.ENSP00000278616,9606.ENSP00000361359,9606.ENSP00000363089,9606.ENSP00000364898,9606.ENSP00000376500,9606.ENSP00000398698,9606.ENSP00000428924,9606.ENSP00000477713,9606.ENSP00000478289,9606.ENSP00000483570,9606.ENSP00000498321","NFKB1,ICAM1,ZAP70,ATM,CD40,TLR4,SYK,TRAF3,TNF,LYN,LCK,LOC102723407,BTK,MYD88"
KEGG,hsa04660,T cell receptor signaling pathway,14,100,1.44,3.03,2.72e-14,"9606.ENSP00000011653,9606.ENSP00000046794,9606.ENSP00000226574,9606.ENSP00000229135,9606.ENSP00000264972,9606.ENSP00000300692,9606.ENSP00000354782,9606.ENSP00000386559,9606.ENSP00000391592,9606.ENSP00000398698,9606.ENSP00000411355,9606.ENSP00000472929,9606.ENSP00000477713,9606.ENSP00000497102","CD4,LCP2,NFKB1,IFNG,ZAP70,CD3D,CD247,CD8A,PTPN6,TNF,PTPRC,VAV1,LCK,CTLA4"
KEGG,hsa05166,Human T-cell leukemia virus 1 infection,17,210,1.2,2.51,5.99e-14,"9606.ENSP00000011653,9606.ENSP00000221930,9606.ENSP00000226574,9606.ENSP00000247461,9606.ENSP00000264832,9606.ENSP00000278616,9606.ENSP00000300692,9606.ENSP00000341208,9606.ENSP00000361021,9606.ENSP00000361359,9606.ENSP00000376436,9606.ENSP00000379873,9606.ENSP00000380948,9606.ENSP00000398698,9606.ENSP00000399168,9606.ENSP00000477713,9606.ENSP00000481380","CD4,TGFB1,NFKB1,CANX,ICAM1,ATM,CD3D,STAT5A,PTEN,CD40,ETS1,HLA-A,ITGB2,TNF,HLA-B,LCK,CCNA2"
KEGG,hsa04062,Chemokine signaling pathway,16,186,1.23,2.51,1.61e-13,"9606.ENSP00000226574,9606.ENSP00000246657,9606.ENSP00000249071,9606.ENSP00000292301,9606.ENSP00000292303,9606.ENSP00000305651,9606.ENSP00000312999,9606.ENSP00000354394,9606.ENSP00000363117,9606.ENSP00000365012,9606.ENSP00000371067,9606.ENSP00000386884,9606.ENSP00000403701,9606.ENSP00000428924,9606.ENSP00000429283,9606.ENSP00000472929","NFKB1,CCR7,RAC2,CCR2,CCR5,CXCL10,GNAI2,STAT1,FGR,HCK,JAK2,CXCR4,ARRB2,LYN,DOCK2,VAV1"
KEGG,hsa04380,Osteoclast differentiation,14,120,1.36,2.76,1.74e-13,"9606.ENSP00000046794,9606.ENSP00000221930,9606.ENSP00000226574,9606.ENSP00000229135,9606.ENSP00000262629,9606.ENSP00000271450,9606.ENSP00000286301,9606.ENSP00000354394,9606.ENSP00000356946,9606.ENSP00000364898,9606.ENSP00000375629,9606.ENSP00000398698,9606.ENSP00000477713,9606.ENSP00000483570","LCP2,TGFB1,NFKB1,IFNG,TYROBP,FCGR2A,CSF1R,STAT1,FCGR3A,SYK,LILRB2,TNF,LCK,BTK"
KEGG,hsa05135,Yersinia infection,14,124,1.35,2.71,2.42e-13,"9606.ENSP00000011653,9606.ENSP00000046794,9606.ENSP00000226574,9606.ENSP00000249071,9606.ENSP00000264972,9606.ENSP00000271450,9606.ENSP00000363089,9606.ENSP00000386559,9606.ENSP00000398698,9606.ENSP00000433138,9606.ENSP00000472929,9606.ENSP00000477713,9606.ENSP00000478289,9606.ENSP00000498321","CD4,LCP2,NFKB1,RAC2,ZAP70,FCGR2A,TLR4,CD8A,TNF,CASP1,VAV1,LCK,LOC102723407,MYD88"
KEGG,hsa05145,Toxoplasmosis,13,103,1.4,2.73,5.77e-13,"9606.ENSP00000221930,9606.ENSP00000226574,9606.ENSP00000229135,9606.ENSP00000260010,9606.ENSP00000292303,9606.ENSP00000311032,9606.ENSP00000312999,9606.ENSP00000354394,9606.ENSP00000361359,9606.ENSP00000363089,9606.ENSP00000371067,9606.ENSP00000398698,9606.ENSP00000498321","TGFB1,NFKB1,IFNG,TLR2,CCR5,CASP3,GNAI2,STAT1,CD40,TLR4,JAK2,TNF,MYD88"
KEGG,hsa05340,Primary immunodeficiency,10,37,1.73,3.15,7.25e-13,"9606.ENSP00000011653,9606.ENSP00000264972,9606.ENSP00000300692,9606.ENSP00000306157,9606.ENSP00000361359,9606.ENSP00000386559,9606.ENSP00000411355,9606.ENSP00000477713,9606.ENSP00000478289,9606.ENSP00000483570","CD4,ZAP70,CD3D,IL7R,CD40,CD8A,PTPRC,LCK,LOC102723407,BTK"
KEGG,hsa05164,Influenza A,14,163,1.23,2.3,5.9e-12,"9606.ENSP00000226574,9606.ENSP00000229135,9606.ENSP00000264832,9606.ENSP00000305651,9606.ENSP00000311032,9606.ENSP00000354394,9606.ENSP00000356694,9606.ENSP00000363089,9606.ENSP00000371067,9606.ENSP00000376500,9606.ENSP00000380697,9606.ENSP00000398698,9606.ENSP00000433138,9606.ENSP00000498321","NFKB1,IFNG,ICAM1,CXCL10,CASP3,STAT1,FASLG,TLR4,JAK2,TRAF3,IRF7,TNF,CASP1,MYD88"
KEGG,hsa04659,Th17 cell differentiation,12,99,1.38,2.52,7.21e-12,"9606.ENSP00000011653,9606.ENSP00000221930,9606.ENSP00000226574,9606.ENSP00000229135,9606.ENSP00000264972,9606.ENSP00000300692,9606.ENSP00000341208,9606.ENSP00000354394,9606.ENSP00000354782,9606.ENSP00000370343,9606.ENSP00000371067,9606.ENSP00000477713","CD4,TGFB1,NFKB1,IFNG,ZAP70,CD3D,STAT5A,STAT1,CD247,IRF4,JAK2,LCK"
KEGG,hsa04620,Toll-like receptor signaling pathway,12,100,1.37,2.51,7.6e-12,"9606.ENSP00000226574,9606.ENSP00000260010,9606.ENSP00000305651,9606.ENSP00000312082,9606.ENSP00000332049,9606.ENSP00000354394,9606.ENSP00000361359,9606.ENSP00000363089,9606.ENSP00000376500,9606.ENSP00000380697,9606.ENSP00000398698,9606.ENSP00000498321","NFKB1,TLR2,CXCL10,TLR8,CD86,STAT1,CD40,TLR4,TRAF3,IRF7,TNF,MYD88"
KEGG,hsa05133,Pertussis,11,73,1.47,2.65,7.6e-12,"9606.ENSP00000226574,9606.ENSP00000245414,9606.ENSP00000268638,9606.ENSP00000311032,9606.ENSP00000312999,9606.ENSP00000363089,9606.ENSP00000380948,9606.ENSP00000398698,9606.ENSP00000433138,9606.ENSP00000496959,9606.ENSP00000498321","NFKB1,IRF1,IRF8,CASP3,GNAI2,TLR4,ITGB2,TNF,CASP1,ITGAM,MYD88"
KEGG,hsa04514,Cell adhesion molecules,13,138,1.27,2.32,1.18e-11,"9606.ENSP00000011653,9606.ENSP00000264832,9606.ENSP00000332049,9606.ENSP00000358490,9606.ENSP00000361359,9606.ENSP00000379873,9606.ENSP00000380948,9606.ENSP00000386559,9606.ENSP00000399168,9606.ENSP00000411355,9606.ENSP00000496959,9606.ENSP00000497102,9606.ENSP00000498227","CD4,ICAM1,CD86,CD2,CD40,HLA-A,ITGB2,CD8A,HLA-B,PTPRC,ITGAM,CTLA4,SELL"
KEGG,hsa05330,Allograft rejection,9,34,1.72,2.86,1.18e-11,"9606.ENSP00000216341,9606.ENSP00000229135,9606.ENSP00000332049,9606.ENSP00000356694,9606.ENSP00000361359,9606.ENSP00000379873,9606.ENSP00000398698,9606.ENSP00000399168,9606.ENSP00000478289","GZMB,IFNG,CD86,FASLG,CD40,HLA-A,TNF,HLA-B,LOC102723407"
KEGG,hsa04145,Phagosome,13,141,1.26,2.3,1.39e-11,"9606.ENSP00000219150,9606.ENSP00000247461,9606.ENSP00000260010,9606.ENSP00000271450,9606.ENSP00000356946,9606.ENSP00000357981,9606.ENSP00000363089,9606.ENSP00000367851,9606.ENSP00000379873,9606.ENSP00000380948,9606.ENSP00000399168,9606.ENSP00000478289,9606.ENSP00000496959","CORO1A,CANX,TLR2,FCGR2A,FCGR3A,CTSS,TLR4,CYBB,HLA-A,ITGB2,HLA-B,LOC102723407,ITGAM"
KEGG,hsa04640,Hematopoietic cell lineage,11,90,1.38,2.38,4.74e-11,"9606.ENSP00000011653,9606.ENSP00000286301,9606.ENSP00000300692,9606.ENSP00000306157,9606.ENSP00000358490,9606.ENSP00000386559,9606.ENSP00000398632,9606.ENSP00000398698,9606.ENSP00000469613,9606.ENSP00000478289,9606.ENSP00000496959","CD4,CSF1R,CD3D,IL7R,CD2,CD8A,CD44,TNF,FLT3LG,LOC102723407,ITGAM"
KEGG,hsa04664,Fc epsilon RI signaling pathway,10,65,1.48,2.49,5.79e-11,"9606.ENSP00000046794,9606.ENSP00000249071,9606.ENSP00000289902,9606.ENSP00000364898,9606.ENSP00000398698,9606.ENSP00000405338,9606.ENSP00000428924,9606.ENSP00000472929,9606.ENSP00000478289,9606.ENSP00000483570","LCP2,RAC2,FCER1G,SYK,TNF,INPP5D,LYN,VAV1,LOC102723407,BTK"
KEGG,hsa05142,Chagas disease,11,97,1.35,2.29,9.23e-11,"9606.ENSP00000221930,9606.ENSP00000226574,9606.ENSP00000229135,9606.ENSP00000260010,9606.ENSP00000300692,9606.ENSP00000312999,9606.ENSP00000354782,9606.ENSP00000356694,9606.ENSP00000363089,9606.ENSP00000398698,9606.ENSP00000498321","TGFB1,NFKB1,IFNG,TLR2,CD3D,GNAI2,CD247,FASLG,TLR4,TNF,MYD88"
KEGG,hsa05144,Malaria,9,46,1.59,2.55,9.67e-11,"9606.ENSP00000221930,9606.ENSP00000229135,9606.ENSP00000260010,9606.ENSP00000264832,9606.ENSP00000361359,9606.ENSP00000363089,9606.ENSP00000380948,9606.ENSP00000398698,9606.ENSP00000498321","TGFB1,IFNG,TLR2,ICAM1,CD40,TLR4,ITGB2,TNF,MYD88"
KEGG,hsa04662,B cell receptor signaling pathway,10,78,1.4,2.27,2.67e-10,"9606.ENSP00000226574,9606.ENSP00000249071,9606.ENSP00000364898,9606.ENSP00000375629,9606.ENSP00000391592,9606.ENSP00000405338,9606.ENSP00000428924,9606.ENSP00000472929,9606.ENSP00000478289,9606.ENSP00000483570","NFKB1,RAC2,SYK,LILRB2,PTPN6,INPP5D,LYN,VAV1,LOC102723407,BTK"
KEGG,hsa05416,Viral myocarditis,9,55,1.51,2.35,3.76e-10,"9606.ENSP00000249071,9606.ENSP00000264832,9606.ENSP00000311032,9606.ENSP00000332049,9606.ENSP00000361359,9606.ENSP00000379873,9606.ENSP00000380948,9606.ENSP00000399168,9606.ENSP00000478289","RAC2,ICAM1,CASP3,CD86,CD40,HLA-A,ITGB2,HLA-B,LOC102723407"
KEGG,hsa05323,Rheumatoid arthritis,10,83,1.38,2.21,4.22e-10,"9606.ENSP00000221930,9606.ENSP00000229135,9606.ENSP00000260010,9606.ENSP00000264832,9606.ENSP00000332049,9606.ENSP00000363089,9606.ENSP00000380948,9606.ENSP00000398698,9606.ENSP00000478289,9606.ENSP00000497102","TGFB1,IFNG,TLR2,ICAM1,CD86,TLR4,ITGB2,TNF,LOC102723407,CTLA4"
KEGG,hsa04658,Th1 and Th2 cell differentiation,10,85,1.37,2.18,5.07e-10,"9606.ENSP00000011653,9606.ENSP00000226574,9606.ENSP00000229135,9606.ENSP00000264972,9606.ENSP00000300692,9606.ENSP00000341208,9606.ENSP00000354394,9606.ENSP00000354782,9606.ENSP00000371067,9606.ENSP00000477713","CD4,NFKB1,IFNG,ZAP70,CD3D,STAT5A,STAT1,CD247,JAK2,LCK"
KEGG,hsa04666,Fc gamma R-mediated phagocytosis,10,90,1.34,2.11,8.26e-10,"9606.ENSP00000249071,9606.ENSP00000271450,9606.ENSP00000356946,9606.ENSP00000364898,9606.ENSP00000365012,9606.ENSP00000405338,9606.ENSP00000411355,9606.ENSP00000428924,9606.ENSP00000472929,9606.ENSP00000478289","RAC2,FCGR2A,FCGR3A,SYK,HCK,INPP5D,PTPRC,LYN,VAV1,LOC102723407"
KEGG,hsa04612,Antigen processing and presentation,9,64,1.44,2.19,1.09e-9,"9606.ENSP00000009530,9606.ENSP00000011653,9606.ENSP00000229135,9606.ENSP00000247461,9606.ENSP00000357981,9606.ENSP00000379873,9606.ENSP00000386559,9606.ENSP00000398698,9606.ENSP00000399168","CD74,CD4,IFNG,CANX,CTSS,HLA-A,CD8A,TNF,HLA-B"
KEGG,hsa05200,Pathways in cancer,18,515,0.84,1.39,1.58e-9,"9606.ENSP00000221930,9606.ENSP00000226574,9606.ENSP00000229135,9606.ENSP00000249071,9606.ENSP00000286301,9606.ENSP00000306157,9606.ENSP00000311032,9606.ENSP00000312999,9606.ENSP00000341208,9606.ENSP00000354394,9606.ENSP00000356694,9606.ENSP00000361021,9606.ENSP00000371067,9606.ENSP00000376436,9606.ENSP00000376500,9606.ENSP00000386884,9606.ENSP00000469613,9606.ENSP00000481380","TGFB1,NFKB1,IFNG,RAC2,CSF1R,IL7R,CASP3,GNAI2,STAT5A,STAT1,FASLG,PTEN,JAK2,ETS1,TRAF3,CXCR4,FLT3LG,CCNA2"
KEGG,hsa05162,Measles,11,137,1.2,1.88,2.09e-9,"9606.ENSP00000226574,9606.ENSP00000260010,9606.ENSP00000300692,9606.ENSP00000311032,9606.ENSP00000341208,9606.ENSP00000354394,9606.ENSP00000356694,9606.ENSP00000363089,9606.ENSP00000376500,9606.ENSP00000380697,9606.ENSP00000498321","NFKB1,TLR2,CD3D,CASP3,STAT5A,STAT1,FASLG,TLR4,TRAF3,IRF7,MYD88"
KEGG,hsa04060,Cytokine-cytokine receptor interaction,14,282,0.99,1.6,2.53e-9,"9606.ENSP00000011653,9606.ENSP00000221930,9606.ENSP00000229135,9606.ENSP00000246657,9606.ENSP00000266557,9606.ENSP00000286301,9606.ENSP00000292301,9606.ENSP00000292303,9606.ENSP00000305651,9606.ENSP00000306157,9606.ENSP00000356694,9606.ENSP00000361359,9606.ENSP00000386884,9606.ENSP00000398698","CD4,TGFB1,IFNG,CCR7,CD27,CSF1R,CCR2,CCR5,CXCL10,IL7R,FASLG,CD40,CXCR4,TNF"
KEGG,hsa05320,Autoimmune thyroid disease,8,48,1.52,2.16,3.1e-9,"9606.ENSP00000216341,9606.ENSP00000332049,9606.ENSP00000356694,9606.ENSP00000361359,9606.ENSP00000379873,9606.ENSP00000399168,9606.ENSP00000478289,9606.ENSP00000497102","GZMB,CD86,FASLG,CD40,HLA-A,HLA-B,LOC102723407,CTLA4"
KEGG,hsa05332,Graft-versus-host disease,7,36,1.58,2.06,1.51e-8,"9606.ENSP00000216341,9606.ENSP00000229135,9606.ENSP00000332049,9606.ENSP00000356694,9606.ENSP00000379873,9606.ENSP00000398698,9606.ENSP00000399168","GZMB,IFNG,CD86,FASLG,HLA-A,TNF,HLA-B"
KEGG,hsa04940,Type I diabetes mellitus,7,38,1.56,2.01,2.05e-8,"9606.ENSP00000216341,9606.ENSP00000229135,9606.ENSP00000332049,9606.ENSP00000356694,9606.ENSP00000379873,9606.ENSP00000398698,9606.ENSP00000399168","GZMB,IFNG,CD86,FASLG,HLA-A,TNF,HLA-B"
KEGG,hsa04217,Necroptosis,10,147,1.13,1.58,5.17e-8,"9606.ENSP00000229135,9606.ENSP00000341208,9606.ENSP00000354394,9606.ENSP00000356694,9606.ENSP00000363089,9606.ENSP00000367851,9606.ENSP00000371067,9606.ENSP00000398698,9606.ENSP00000433138,9606.ENSP00000434024","IFNG,STAT5A,STAT1,FASLG,TLR4,CYBB,JAK2,TNF,CASP1,H2AX"
KEGG,hsa05321,Inflammatory bowel disease,7,59,1.37,1.64,2.9e-7,"9606.ENSP00000221930,9606.ENSP00000226574,9606.ENSP00000229135,9606.ENSP00000260010,9606.ENSP00000354394,9606.ENSP00000363089,9606.ENSP00000398698","TGFB1,NFKB1,IFNG,TLR2,STAT1,TLR4,TNF"
KEGG,hsa05322,Systemic lupus erythematosus,8,94,1.22,1.53,3.24e-7,"9606.ENSP00000229135,9606.ENSP00000271450,9606.ENSP00000332049,9606.ENSP00000356946,9606.ENSP00000361359,9606.ENSP00000398698,9606.ENSP00000434024,9606.ENSP00000478289","IFNG,FCGR2A,CD86,FCGR3A,CD40,TNF,H2AX,LOC102723407"
KEGG,hsa05143,African trypanosomiasis,6,36,1.52,1.68,4.34e-7,"9606.ENSP00000229135,9606.ENSP00000264832,9606.ENSP00000356694,9606.ENSP00000398698,9606.ENSP00000478289,9606.ENSP00000498321","IFNG,ICAM1,FASLG,TNF,LOC102723407,MYD88"
KEGG,hsa04670,Leukocyte transendothelial migration,8,111,1.15,1.39,9.99e-7,"9606.ENSP00000249071,9606.ENSP00000264832,9606.ENSP00000312999,9606.ENSP00000367851,9606.ENSP00000380948,9606.ENSP00000386884,9606.ENSP00000472929,9606.ENSP00000496959","RAC2,ICAM1,GNAI2,CYBB,ITGB2,CXCR4,VAV1,ITGAM"
KEGG,hsa05160,Hepatitis C,9,157,1.05,1.31,1.02e-6,"9606.ENSP00000226574,9606.ENSP00000229135,9606.ENSP00000305651,9606.ENSP00000311032,9606.ENSP00000354394,9606.ENSP00000356694,9606.ENSP00000376500,9606.ENSP00000380697,9606.ENSP00000398698","NFKB1,IFNG,CXCL10,CASP3,STAT1,FASLG,TRAF3,IRF7,TNF"
KEGG,hsa05163,Human cytomegalovirus infection,10,217,0.96,1.21,1.38e-6,"9606.ENSP00000226574,9606.ENSP00000249071,9606.ENSP00000292303,9606.ENSP00000311032,9606.ENSP00000312999,9606.ENSP00000356694,9606.ENSP00000379873,9606.ENSP00000386884,9606.ENSP00000398698,9606.ENSP00000399168","NFKB1,RAC2,CCR5,CASP3,GNAI2,FASLG,HLA-A,CXCR4,TNF,HLA-B"
KEGG,hsa05202,Transcriptional misregulation in cancer,9,171,1.02,1.24,1.91e-6,"9606.ENSP00000216341,9606.ENSP00000226574,9606.ENSP00000278616,9606.ENSP00000286301,9606.ENSP00000332049,9606.ENSP00000361359,9606.ENSP00000478289,9606.ENSP00000481380,9606.ENSP00000496959","GZMB,NFKB1,ATM,CSF1R,CD86,CD40,LOC102723407,CCNA2,ITGAM"
KEGG,hsa04621,NOD-like receptor signaling pathway,9,173,1.01,1.23,2.06e-6,"9606.ENSP00000226574,9606.ENSP00000354394,9606.ENSP00000363089,9606.ENSP00000367851,9606.ENSP00000376500,9606.ENSP00000380697,9606.ENSP00000398698,9606.ENSP00000433138,9606.ENSP00000498321","NFKB1,STAT1,TLR4,CYBB,TRAF3,IRF7,TNF,CASP1,MYD88"
KEGG,hsa04061,Viral protein interaction with cytokine and cytokine receptor,7,96,1.16,1.26,5.15e-6,"9606.ENSP00000246657,9606.ENSP00000286301,9606.ENSP00000292301,9606.ENSP00000292303,9606.ENSP00000305651,9606.ENSP00000386884,9606.ENSP00000398698","CCR7,CSF1R,CCR2,CCR5,CXCL10,CXCR4,TNF"
KEGG,hsa04625,C-type lectin receptor signaling pathway,7,101,1.14,1.22,6.98e-6,"9606.ENSP00000226574,9606.ENSP00000245414,9606.ENSP00000289902,9606.ENSP00000354394,9606.ENSP00000364898,9606.ENSP00000398698,9606.ENSP00000433138","NFKB1,IRF1,FCER1G,STAT1,SYK,TNF,CASP1"
KEGG,hsa04668,TNF signaling pathway,7,111,1.09,1.15,1.23e-5,"9606.ENSP00000226574,9606.ENSP00000245414,9606.ENSP00000264832,9606.ENSP00000305651,9606.ENSP00000311032,9606.ENSP00000376500,9606.ENSP00000398698","NFKB1,IRF1,ICAM1,CXCL10,CASP3,TRAF3,TNF"
KEGG,hsa04672,Intestinal immune network for IgA production,5,43,1.36,1.22,2.21e-5,"9606.ENSP00000221930,9606.ENSP00000332049,9606.ENSP00000361359,9606.ENSP00000386884,9606.ENSP00000478289","TGFB1,CD86,CD40,CXCR4,LOC102723407"
KEGG,hsa04210,Apoptosis,7,131,1.02,1.04,3.26e-5,"9606.ENSP00000216341,9606.ENSP00000226574,9606.ENSP00000278616,9606.ENSP00000311032,9606.ENSP00000356694,9606.ENSP00000357981,9606.ENSP00000398698","GZMB,NFKB1,ATM,CASP3,FASLG,CTSS,TNF"
KEGG,hsa05150,Staphylococcus aureus infection,6,86,1.14,1.09,3.59e-5,"9606.ENSP00000264832,9606.ENSP00000271450,9606.ENSP00000356946,9606.ENSP00000380948,9606.ENSP00000478289,9606.ENSP00000496959","ICAM1,FCGR2A,FCGR3A,ITGB2,LOC102723407,ITGAM"
KEGG,hsa04630,JAK-STAT signaling pathway,6,158,0.87,0.73,7.5e-4,"9606.ENSP00000229135,9606.ENSP00000306157,9606.ENSP00000341208,9606.ENSP00000354394,9606.ENSP00000371067,9606.ENSP00000391592","IFNG,IL7R,STAT5A,STAT1,JAK2,PTPN6"
KEGG,hsa04623,Cytosolic DNA-sensing pathway,4,62,1.1,0.74,0.0014,"9606.ENSP00000226574,9606.ENSP00000305651,9606.ENSP00000380697,9606.ENSP00000433138","NFKB1,CXCL10,IRF7,CASP1"
KEGG,hsa05418,Fluid shear stress and atherosclerosis,5,129,0.88,0.64,0.0023,"9606.ENSP00000226574,9606.ENSP00000229135,9606.ENSP00000249071,9606.ENSP00000264832,9606.ENSP00000398698","NFKB1,IFNG,RAC2,ICAM1,TNF"
Reactome,HSA-168256,Immune System,70,1979,0.84,2.41,1.12e-42,"9606.ENSP00000009530,9606.ENSP00000011653,9606.ENSP00000046794,9606.ENSP00000221930,9606.ENSP00000226574,9606.ENSP00000229135,9606.ENSP00000245414,9606.ENSP00000247461,9606.ENSP00000249071,9606.ENSP00000260010,9606.ENSP00000262629,9606.ENSP00000264832,9606.ENSP00000264972,9606.ENSP00000266557,9606.ENSP00000268638,9606.ENSP00000271450,9606.ENSP00000286301,9606.ENSP00000289902,9606.ENSP00000292301,9606.ENSP00000292303,9606.ENSP00000300692,9606.ENSP00000301633,9606.ENSP00000305651,9606.ENSP00000306157,9606.ENSP00000311032,9606.ENSP00000312082,9606.ENSP00000332049,9606.ENSP00000341208,9606.ENSP00000354394,9606.ENSP00000354782,9606.ENSP00000356694,9606.ENSP00000356946,9606.ENSP00000357113,9606.ENSP00000357123,9606.ENSP00000357981,9606.ENSP00000361021,9606.ENSP00000361359,9606.ENSP00000363089,9606.ENSP00000363117,9606.ENSP00000363993,9606.ENSP00000364016,9606.ENSP00000364898,9606.ENSP00000365012,9606.ENSP00000367851,9606.ENSP00000370343,9606.ENSP00000371067,9606.ENSP00000375629,9606.ENSP00000376500,9606.ENSP00000379873,9606.ENSP00000380697,9606.ENSP00000380921,9606.ENSP00000380948,9606.ENSP00000386559,9606.ENSP00000391592,9606.ENSP00000398632,9606.ENSP00000398698,9606.ENSP00000399168,9606.ENSP00000405338,9606.ENSP00000411355,9606.ENSP00000428924,9606.ENSP00000429283,9606.ENSP00000433138,9606.ENSP00000469613,9606.ENSP00000472929,9606.ENSP00000477713,9606.ENSP00000483570,9606.ENSP00000496959,9606.ENSP00000497102,9606.ENSP00000498227,9606.ENSP00000498321","CD74,CD4,LCP2,TGFB1,NFKB1,IFNG,IRF1,CANX,RAC2,TLR2,TYROBP,ICAM1,ZAP70,CD27,IRF8,FCGR2A,CSF1R,FCER1G,CCR2,CCR5,CD3D,BIRC5,CXCL10,IL7R,CASP3,TLR8,CD86,STAT5A,STAT1,CD247,FASLG,FCGR3A,IFI16,MNDA,CTSS,PTEN,CD40,TLR4,FGR,PSMB9,PSMB8,SYK,HCK,CYBB,IRF4,JAK2,LILRB2,TRAF3,HLA-A,IRF7,SH3KBP1,ITGB2,CD8A,PTPN6,CD44,TNF,HLA-B,INPP5D,PTPRC,LYN,DOCK2,CASP1,FLT3LG,VAV1,LCK,BTK,ITGAM,CTLA4,SELL,MYD88"
Reactome,HSA-1280215,Cytokine Signaling in Immune system,43,706,1.08,3.3,1.23e-31,"9606.ENSP00000011653,9606.ENSP00000221930,9606.ENSP00000226574,9606.ENSP00000229135,9606.ENSP00000245414,9606.ENSP00000247461,9606.ENSP00000264832,9606.ENSP00000266557,9606.ENSP00000268638,9606.ENSP00000286301,9606.ENSP00000292301,9606.ENSP00000292303,9606.ENSP00000301633,9606.ENSP00000305651,9606.ENSP00000306157,9606.ENSP00000311032,9606.ENSP00000332049,9606.ENSP00000341208,9606.ENSP00000354394,9606.ENSP00000356694,9606.ENSP00000361359,9606.ENSP00000363993,9606.ENSP00000364016,9606.ENSP00000364898,9606.ENSP00000365012,9606.ENSP00000370343,9606.ENSP00000371067,9606.ENSP00000376500,9606.ENSP00000379873,9606.ENSP00000380697,9606.ENSP00000380948,9606.ENSP00000391592,9606.ENSP00000398632,9606.ENSP00000398698,9606.ENSP00000399168,9606.ENSP00000405338,9606.ENSP00000428924,9606.ENSP00000433138,9606.ENSP00000469613,9606.ENSP00000472929,9606.ENSP00000477713,9606.ENSP00000496959,9606.ENSP00000498321","CD4,TGFB1,NFKB1,IFNG,IRF1,CANX,ICAM1,CD27,IRF8,CSF1R,CCR2,CCR5,BIRC5,CXCL10,IL7R,CASP3,CD86,STAT5A,STAT1,FASLG,CD40,PSMB9,PSMB8,SYK,HCK,IRF4,JAK2,TRAF3,HLA-A,IRF7,ITGB2,PTPN6,CD44,TNF,HLA-B,INPP5D,LYN,CASP1,FLT3LG,VAV1,LCK,ITGAM,MYD88"
Reactome,HSA-449147,Signaling by Interleukins,33,453,1.16,3.37,1.24e-25,"9606.ENSP00000011653,9606.ENSP00000221930,9606.ENSP00000226574,9606.ENSP00000229135,9606.ENSP00000247461,9606.ENSP00000264832,9606.ENSP00000286301,9606.ENSP00000292301,9606.ENSP00000292303,9606.ENSP00000301633,9606.ENSP00000305651,9606.ENSP00000306157,9606.ENSP00000311032,9606.ENSP00000332049,9606.ENSP00000341208,9606.ENSP00000354394,9606.ENSP00000356694,9606.ENSP00000363993,9606.ENSP00000364016,9606.ENSP00000364898,9606.ENSP00000365012,9606.ENSP00000370343,9606.ENSP00000371067,9606.ENSP00000380948,9606.ENSP00000391592,9606.ENSP00000398698,9606.ENSP00000405338,9606.ENSP00000428924,9606.ENSP00000433138,9606.ENSP00000472929,9606.ENSP00000477713,9606.ENSP00000496959,9606.ENSP00000498321","CD4,TGFB1,NFKB1,IFNG,CANX,ICAM1,CSF1R,CCR2,CCR5,BIRC5,CXCL10,IL7R,CASP3,CD86,STAT5A,STAT1,FASLG,PSMB9,PSMB8,SYK,HCK,IRF4,JAK2,ITGB2,PTPN6,TNF,INPP5D,LYN,CASP1,VAV1,LCK,ITGAM,MYD88"
Reactome,HSA-1280218,Adaptive Immune System,37,758,0.98,2.57,1.7e-23,"9606.ENSP00000009530,9606.ENSP00000011653,9606.ENSP00000046794,9606.ENSP00000226574,9606.ENSP00000247461,9606.ENSP00000260010,9606.ENSP00000262629,9606.ENSP00000264832,9606.ENSP00000264972,9606.ENSP00000300692,9606.ENSP00000332049,9606.ENSP00000354782,9606.ENSP00000356946,9606.ENSP00000357981,9606.ENSP00000361021,9606.ENSP00000361359,9606.ENSP00000363089,9606.ENSP00000363993,9606.ENSP00000364016,9606.ENSP00000364898,9606.ENSP00000367851,9606.ENSP00000375629,9606.ENSP00000379873,9606.ENSP00000380921,9606.ENSP00000380948,9606.ENSP00000386559,9606.ENSP00000391592,9606.ENSP00000399168,9606.ENSP00000405338,9606.ENSP00000411355,9606.ENSP00000428924,9606.ENSP00000472929,9606.ENSP00000477713,9606.ENSP00000483570,9606.ENSP00000497102,9606.ENSP00000498227,9606.ENSP00000498321","CD74,CD4,LCP2,NFKB1,CANX,TLR2,TYROBP,ICAM1,ZAP70,CD3D,CD86,CD247,FCGR3A,CTSS,PTEN,CD40,TLR4,PSMB9,PSMB8,SYK,CYBB,LILRB2,HLA-A,SH3KBP1,ITGB2,CD8A,PTPN6,HLA-B,INPP5D,PTPRC,LYN,VAV1,LCK,BTK,CTLA4,SELL,MYD88"
Reactome,HSA-168249,Innate Immune System,40,1041,0.88,2.15,4.07e-22,"9606.ENSP00000011653,9606.ENSP00000046794,9606.ENSP00000226574,9606.ENSP00000249071,9606.ENSP00000260010,9606.ENSP00000262629,9606.ENSP00000271450,9606.ENSP00000289902,9606.ENSP00000292301,9606.ENSP00000312082,9606.ENSP00000354782,9606.ENSP00000356946,9606.ENSP00000357113,9606.ENSP00000357123,9606.ENSP00000357981,9606.ENSP00000363089,9606.ENSP00000363117,9606.ENSP00000363993,9606.ENSP00000364016,9606.ENSP00000364898,9606.ENSP00000365012,9606.ENSP00000367851,9606.ENSP00000375629,9606.ENSP00000376500,9606.ENSP00000379873,9606.ENSP00000380697,9606.ENSP00000380948,9606.ENSP00000391592,9606.ENSP00000398632,9606.ENSP00000399168,9606.ENSP00000411355,9606.ENSP00000428924,9606.ENSP00000429283,9606.ENSP00000433138,9606.ENSP00000472929,9606.ENSP00000477713,9606.ENSP00000483570,9606.ENSP00000496959,9606.ENSP00000498227,9606.ENSP00000498321","CD4,LCP2,NFKB1,RAC2,TLR2,TYROBP,FCGR2A,FCER1G,CCR2,TLR8,CD247,FCGR3A,IFI16,MNDA,CTSS,TLR4,FGR,PSMB9,PSMB8,SYK,HCK,CYBB,LILRB2,TRAF3,HLA-A,IRF7,ITGB2,PTPN6,CD44,HLA-B,PTPRC,LYN,DOCK2,CASP1,VAV1,LCK,BTK,ITGAM,SELL,MYD88"
Reactome,HSA-1643685,Disease,47,1702,0.74,1.68,5e-21,"9606.ENSP00000011653,9606.ENSP00000219150,9606.ENSP00000221930,9606.ENSP00000226574,9606.ENSP00000247461,9606.ENSP00000249071,9606.ENSP00000260010,9606.ENSP00000271450,9606.ENSP00000278616,9606.ENSP00000292303,9606.ENSP00000312082,9606.ENSP00000312999,9606.ENSP00000320147,9606.ENSP00000332049,9606.ENSP00000341208,9606.ENSP00000352516,9606.ENSP00000354394,9606.ENSP00000354782,9606.ENSP00000356694,9606.ENSP00000356946,9606.ENSP00000360250,9606.ENSP00000361021,9606.ENSP00000363089,9606.ENSP00000363117,9606.ENSP00000363993,9606.ENSP00000364016,9606.ENSP00000364898,9606.ENSP00000365012,9606.ENSP00000371067,9606.ENSP00000376500,9606.ENSP00000379873,9606.ENSP00000380697,9606.ENSP00000380921,9606.ENSP00000386884,9606.ENSP00000391592,9606.ENSP00000399168,9606.ENSP00000403701,9606.ENSP00000418960,9606.ENSP00000428924,9606.ENSP00000429283,9606.ENSP00000433138,9606.ENSP00000434024,9606.ENSP00000469613,9606.ENSP00000472929,9606.ENSP00000477713,9606.ENSP00000483570,9606.ENSP00000498321","CD4,CORO1A,TGFB1,NFKB1,CANX,RAC2,TLR2,FCGR2A,ATM,CCR5,TLR8,GNAI2,EZH2,CD86,STAT5A,DNMT1,STAT1,CD247,FASLG,FCGR3A,ENTPD1,PTEN,TLR4,FGR,PSMB9,PSMB8,SYK,HCK,JAK2,TRAF3,HLA-A,IRF7,SH3KBP1,CXCR4,PTPN6,HLA-B,ARRB2,BRCA1,LYN,DOCK2,CASP1,H2AX,FLT3LG,VAV1,LCK,BTK,MYD88"
Reactome,HSA-5663205,Infectious disease,34,917,0.86,1.94,7.59e-18,"9606.ENSP00000011653,9606.ENSP00000219150,9606.ENSP00000221930,9606.ENSP00000226574,9606.ENSP00000247461,9606.ENSP00000260010,9606.ENSP00000271450,9606.ENSP00000292303,9606.ENSP00000312082,9606.ENSP00000312999,9606.ENSP00000320147,9606.ENSP00000354394,9606.ENSP00000354782,9606.ENSP00000356946,9606.ENSP00000360250,9606.ENSP00000363117,9606.ENSP00000363993,9606.ENSP00000364016,9606.ENSP00000364898,9606.ENSP00000365012,9606.ENSP00000371067,9606.ENSP00000376500,9606.ENSP00000379873,9606.ENSP00000380697,9606.ENSP00000380921,9606.ENSP00000386884,9606.ENSP00000391592,9606.ENSP00000399168,9606.ENSP00000428924,9606.ENSP00000429283,9606.ENSP00000433138,9606.ENSP00000472929,9606.ENSP00000477713,9606.ENSP00000483570","CD4,CORO1A,TGFB1,NFKB1,CANX,TLR2,FCGR2A,CCR5,TLR8,GNAI2,EZH2,STAT1,CD247,FCGR3A,ENTPD1,FGR,PSMB9,PSMB8,SYK,HCK,JAK2,TRAF3,HLA-A,IRF7,SH3KBP1,CXCR4,PTPN6,HLA-B,LYN,DOCK2,CASP1,VAV1,LCK,BTK"
Reactome,HSA-109582,Hemostasis,24,607,0.89,1.71,1.84e-12,"9606.ENSP00000009530,9606.ENSP00000046794,9606.ENSP00000221930,9606.ENSP00000234313,9606.ENSP00000245414,9606.ENSP00000249071,9606.ENSP00000289902,9606.ENSP00000312999,9606.ENSP00000358490,9606.ENSP00000363117,9606.ENSP00000364898,9606.ENSP00000371067,9606.ENSP00000380948,9606.ENSP00000391592,9606.ENSP00000398632,9606.ENSP00000403701,9606.ENSP00000405338,9606.ENSP00000428924,9606.ENSP00000429283,9606.ENSP00000472929,9606.ENSP00000477713,9606.ENSP00000484431,9606.ENSP00000496959,9606.ENSP00000498227","CD74,LCP2,TGFB1,PLEK,IRF1,RAC2,FCER1G,GNAI2,CD2,FGR,SYK,JAK2,ITGB2,PTPN6,CD44,ARRB2,INPP5D,LYN,DOCK2,VAV1,LCK,CD48,ITGAM,SELL"
Reactome,HSA-877300,Interferon gamma signaling,12,90,1.42,2.46,3.29e-11,"9606.ENSP00000229135,9606.ENSP00000245414,9606.ENSP00000264832,9606.ENSP00000268638,9606.ENSP00000354394,9606.ENSP00000370343,9606.ENSP00000371067,9606.ENSP00000379873,9606.ENSP00000380697,9606.ENSP00000391592,9606.ENSP00000398632,9606.ENSP00000399168","IFNG,IRF1,ICAM1,IRF8,STAT1,IRF4,JAK2,HLA-A,IRF7,PTPN6,CD44,HLA-B"
Reactome,HSA-202733,Cell surface interactions at the vascular wall,13,139,1.27,2.14,1.75e-10,"9606.ENSP00000009530,9606.ENSP00000221930,9606.ENSP00000289902,9606.ENSP00000358490,9606.ENSP00000380948,9606.ENSP00000391592,9606.ENSP00000398632,9606.ENSP00000405338,9606.ENSP00000428924,9606.ENSP00000477713,9606.ENSP00000484431,9606.ENSP00000496959,9606.ENSP00000498227","CD74,TGFB1,FCER1G,CD2,ITGB2,PTPN6,CD44,INPP5D,LYN,LCK,CD48,ITGAM,SELL"
Reactome,HSA-202403,TCR signaling,12,114,1.32,2.15,3.52e-10,"9606.ENSP00000011653,9606.ENSP00000046794,9606.ENSP00000226574,9606.ENSP00000264972,9606.ENSP00000300692,9606.ENSP00000354782,9606.ENSP00000361021,9606.ENSP00000363993,9606.ENSP00000364016,9606.ENSP00000405338,9606.ENSP00000411355,9606.ENSP00000477713","CD4,LCP2,NFKB1,ZAP70,CD3D,CD247,PTEN,PSMB9,PSMB8,INPP5D,PTPRC,LCK"
Reactome,HSA-9658195,Leishmania infection,13,165,1.19,1.92,1.02e-9,"9606.ENSP00000226574,9606.ENSP00000271450,9606.ENSP00000312999,9606.ENSP00000354782,9606.ENSP00000356946,9606.ENSP00000360250,9606.ENSP00000363117,9606.ENSP00000364898,9606.ENSP00000365012,9606.ENSP00000428924,9606.ENSP00000433138,9606.ENSP00000472929,9606.ENSP00000483570","NFKB1,FCGR2A,GNAI2,CD247,FCGR3A,ENTPD1,FGR,SYK,HCK,LYN,CASP1,VAV1,BTK"
Reactome,HSA-198933,Immunoregulatory interactions between a Lymphoid and a non-Lymphoid cell,12,130,1.26,2,1.16e-9,"9606.ENSP00000262629,9606.ENSP00000264832,9606.ENSP00000300692,9606.ENSP00000354782,9606.ENSP00000356946,9606.ENSP00000361359,9606.ENSP00000375629,9606.ENSP00000379873,9606.ENSP00000380948,9606.ENSP00000386559,9606.ENSP00000399168,9606.ENSP00000498227","TYROBP,ICAM1,CD3D,CD247,FCGR3A,CD40,LILRB2,HLA-A,ITGB2,CD8A,HLA-B,SELL"
Reactome,HSA-2029481,FCGR activation,7,15,1.96,2.47,1.65e-9,"9606.ENSP00000271450,9606.ENSP00000354782,9606.ENSP00000356946,9606.ENSP00000363117,9606.ENSP00000364898,9606.ENSP00000365012,9606.ENSP00000428924","FCGR2A,CD247,FCGR3A,FGR,SYK,HCK,LYN"
Reactome,HSA-114604,GPVI-mediated activation cascade,8,35,1.65,2.2,5.7e-9,"9606.ENSP00000046794,9606.ENSP00000249071,9606.ENSP00000289902,9606.ENSP00000364898,9606.ENSP00000391592,9606.ENSP00000428924,9606.ENSP00000472929,9606.ENSP00000477713","LCP2,RAC2,FCER1G,SYK,PTPN6,LYN,VAV1,LCK"
Reactome,HSA-162582,Signal Transduction,39,2540,0.48,0.84,7.68e-9,"9606.ENSP00000216341,9606.ENSP00000221930,9606.ENSP00000226574,9606.ENSP00000246657,9606.ENSP00000249071,9606.ENSP00000264972,9606.ENSP00000265748,9606.ENSP00000292301,9606.ENSP00000292303,9606.ENSP00000301633,9606.ENSP00000305651,9606.ENSP00000311032,9606.ENSP00000312999,9606.ENSP00000320147,9606.ENSP00000331614,9606.ENSP00000332049,9606.ENSP00000341208,9606.ENSP00000354394,9606.ENSP00000356694,9606.ENSP00000361021,9606.ENSP00000363993,9606.ENSP00000364016,9606.ENSP00000364898,9606.ENSP00000367851,9606.ENSP00000371067,9606.ENSP00000378699,9606.ENSP00000380921,9606.ENSP00000386884,9606.ENSP00000391592,9606.ENSP00000398698,9606.ENSP00000403701,9606.ENSP00000428924,9606.ENSP00000429283,9606.ENSP00000434024,9606.ENSP00000469613,9606.ENSP00000472929,9606.ENSP00000477713,9606.ENSP00000483570,9606.ENSP00000498321","GZMB,TGFB1,NFKB1,CCR7,RAC2,ZAP70,ANLN,CCR2,CCR5,BIRC5,CXCL10,CASP3,GNAI2,EZH2,IKZF1,CD86,STAT5A,STAT1,FASLG,PTEN,PSMB9,PSMB8,SYK,CYBB,JAK2,CDK1,SH3KBP1,CXCR4,PTPN6,TNF,ARRB2,LYN,DOCK2,H2AX,FLT3LG,VAV1,LCK,BTK,MYD88"
Reactome,HSA-388841,Costimulation by the CD28 family,9,66,1.43,1.94,1.7e-8,"9606.ENSP00000011653,9606.ENSP00000300692,9606.ENSP00000332049,9606.ENSP00000354782,9606.ENSP00000391592,9606.ENSP00000428924,9606.ENSP00000472929,9606.ENSP00000477713,9606.ENSP00000497102","CD4,CD3D,CD86,CD247,PTPN6,LYN,VAV1,LCK,CTLA4"
Reactome,HSA-909733,Interferon alpha/beta signaling,9,71,1.4,1.87,2.92e-8,"9606.ENSP00000245414,9606.ENSP00000268638,9606.ENSP00000354394,9606.ENSP00000364016,9606.ENSP00000370343,9606.ENSP00000379873,9606.ENSP00000380697,9606.ENSP00000391592,9606.ENSP00000399168","IRF1,IRF8,STAT1,PSMB8,IRF4,HLA-A,IRF7,PTPN6,HLA-B"
Reactome,HSA-512988,"Interleukin-3, Interleukin-5 and GM-CSF signaling",8,48,1.52,1.92,3.85e-8,"9606.ENSP00000341208,9606.ENSP00000364898,9606.ENSP00000365012,9606.ENSP00000371067,9606.ENSP00000391592,9606.ENSP00000405338,9606.ENSP00000428924,9606.ENSP00000472929","STAT5A,SYK,HCK,JAK2,PTPN6,INPP5D,LYN,VAV1"
Reactome,HSA-6785807,Interleukin-4 and Interleukin-13 signaling,10,107,1.27,1.74,3.86e-8,"9606.ENSP00000221930,9606.ENSP00000264832,9606.ENSP00000301633,9606.ENSP00000354394,9606.ENSP00000356694,9606.ENSP00000370343,9606.ENSP00000371067,9606.ENSP00000380948,9606.ENSP00000398698,9606.ENSP00000496959","TGFB1,ICAM1,BIRC5,STAT1,FASLG,IRF4,JAK2,ITGB2,TNF,ITGAM"
Reactome,HSA-2029480,Fcgamma receptor (FCGR) dependent phagocytosis,9,89,1.3,1.66,1.41e-7,"9606.ENSP00000271450,9606.ENSP00000354782,9606.ENSP00000356946,9606.ENSP00000363117,9606.ENSP00000364898,9606.ENSP00000365012,9606.ENSP00000428924,9606.ENSP00000472929,9606.ENSP00000483570","FCGR2A,CD247,FCGR3A,FGR,SYK,HCK,LYN,VAV1,BTK"
Reactome,HSA-202424,Downstream TCR signaling,9,92,1.28,1.63,1.78e-7,"9606.ENSP00000011653,9606.ENSP00000226574,9606.ENSP00000300692,9606.ENSP00000354782,9606.ENSP00000361021,9606.ENSP00000363993,9606.ENSP00000364016,9606.ENSP00000405338,9606.ENSP00000477713","CD4,NFKB1,CD3D,CD247,PTEN,PSMB9,PSMB8,INPP5D,LCK"
Reactome,HSA-9664422,FCGR3A-mediated phagocytosis,8,62,1.41,1.7,1.89e-7,"9606.ENSP00000354782,9606.ENSP00000356946,9606.ENSP00000363117,9606.ENSP00000364898,9606.ENSP00000365012,9606.ENSP00000428924,9606.ENSP00000472929,9606.ENSP00000483570","CD247,FCGR3A,FGR,SYK,HCK,LYN,VAV1,BTK"
Reactome,HSA-9664323,FCGR3A-mediated IL10 synthesis,7,41,1.53,1.72,3.1e-7,"9606.ENSP00000271450,9606.ENSP00000354782,9606.ENSP00000356946,9606.ENSP00000363117,9606.ENSP00000364898,9606.ENSP00000365012,9606.ENSP00000428924","FCGR2A,CD247,FCGR3A,FGR,SYK,HCK,LYN"
Reactome,HSA-451927,Interleukin-2 family signaling,7,44,1.5,1.67,4.53e-7,"9606.ENSP00000341208,9606.ENSP00000354394,9606.ENSP00000364898,9606.ENSP00000371067,9606.ENSP00000391592,9606.ENSP00000405338,9606.ENSP00000477713","STAT5A,STAT1,SYK,JAK2,PTPN6,INPP5D,LCK"
Reactome,HSA-202433,Generation of second messenger molecules,6,31,1.58,1.57,1.63e-6,"9606.ENSP00000011653,9606.ENSP00000046794,9606.ENSP00000264972,9606.ENSP00000300692,9606.ENSP00000354782,9606.ENSP00000477713","CD4,LCP2,ZAP70,CD3D,CD247,LCK"
Reactome,HSA-2454202,Fc epsilon receptor (FCERI) signaling,9,131,1.13,1.33,1.91e-6,"9606.ENSP00000046794,9606.ENSP00000226574,9606.ENSP00000289902,9606.ENSP00000363993,9606.ENSP00000364016,9606.ENSP00000364898,9606.ENSP00000428924,9606.ENSP00000472929,9606.ENSP00000483570","LCP2,NFKB1,FCER1G,PSMB9,PSMB8,SYK,LYN,VAV1,BTK"
Reactome,HSA-2871809,FCERI mediated Ca+2 mobilization,6,34,1.54,1.52,2.36e-6,"9606.ENSP00000046794,9606.ENSP00000289902,9606.ENSP00000364898,9606.ENSP00000428924,9606.ENSP00000472929,9606.ENSP00000483570","LCP2,FCER1G,SYK,LYN,VAV1,BTK"
Reactome,HSA-202430,Translocation of ZAP-70 to Immunological synapse,5,16,1.79,1.58,2.64e-6,"9606.ENSP00000011653,9606.ENSP00000264972,9606.ENSP00000300692,9606.ENSP00000354782,9606.ENSP00000477713","CD4,ZAP70,CD3D,CD247,LCK"
Reactome,HSA-202427,Phosphorylation of CD3 and TCR zeta chains,5,19,1.71,1.48,5.14e-6,"9606.ENSP00000011653,9606.ENSP00000300692,9606.ENSP00000354782,9606.ENSP00000411355,9606.ENSP00000477713","CD4,CD3D,CD247,PTPRC,LCK"
Reactome,HSA-9706374,FLT3 signaling through SRC family kinases,4,6,2.12,1.54,5.41e-6,"9606.ENSP00000364898,9606.ENSP00000365012,9606.ENSP00000469613,9606.ENSP00000477713","SYK,HCK,FLT3LG,LCK"
Reactome,HSA-389948,PD-1 signaling,5,20,1.69,1.46,6.16e-6,"9606.ENSP00000011653,9606.ENSP00000300692,9606.ENSP00000354782,9606.ENSP00000391592,9606.ENSP00000477713","CD4,CD3D,CD247,PTPN6,LCK"
Reactome,HSA-6783783,Interleukin-10 signaling,6,45,1.42,1.34,8.56e-6,"9606.ENSP00000264832,9606.ENSP00000292301,9606.ENSP00000292303,9606.ENSP00000305651,9606.ENSP00000332049,9606.ENSP00000398698","ICAM1,CCR2,CCR5,CXCL10,CD86,TNF"
Reactome,HSA-164944,Nef and signal transduction,4,8,1.99,1.44,1.14e-5,"9606.ENSP00000354782,9606.ENSP00000365012,9606.ENSP00000429283,9606.ENSP00000477713","CD247,HCK,DOCK2,LCK"
Reactome,HSA-162906,HIV Infection,10,229,0.93,1.05,1.36e-5,"9606.ENSP00000011653,9606.ENSP00000292303,9606.ENSP00000354782,9606.ENSP00000363993,9606.ENSP00000364016,9606.ENSP00000365012,9606.ENSP00000379873,9606.ENSP00000386884,9606.ENSP00000429283,9606.ENSP00000477713","CD4,CCR5,CD247,PSMB9,PSMB8,HCK,HLA-A,CXCR4,DOCK2,LCK"
Reactome,HSA-2424491,DAP12 signaling,5,29,1.53,1.26,2.67e-5,"9606.ENSP00000046794,9606.ENSP00000262629,9606.ENSP00000364898,9606.ENSP00000477713,9606.ENSP00000483570","LCP2,TYROBP,SYK,LCK,BTK"
Reactome,HSA-1257604,PIP3 activates AKT signaling,10,266,0.87,0.92,4.54e-5,"9606.ENSP00000249071,9606.ENSP00000320147,9606.ENSP00000332049,9606.ENSP00000361021,9606.ENSP00000363993,9606.ENSP00000364016,9606.ENSP00000469613,9606.ENSP00000472929,9606.ENSP00000477713,9606.ENSP00000498321","RAC2,EZH2,CD86,PTEN,PSMB9,PSMB8,FLT3LG,VAV1,LCK,MYD88"
Reactome,HSA-2029482,Regulation of actin dynamics for phagocytic cup formation,6,64,1.27,1.12,4.77e-5,"9606.ENSP00000271450,9606.ENSP00000354782,9606.ENSP00000356946,9606.ENSP00000364898,9606.ENSP00000472929,9606.ENSP00000483570","FCGR2A,CD247,FCGR3A,SYK,VAV1,BTK"
Reactome,HSA-173107,Binding and entry of HIV virion,3,4,2.17,1.16,1.2e-4,"9606.ENSP00000011653,9606.ENSP00000292303,9606.ENSP00000386884","CD4,CCR5,CXCR4"
Reactome,HSA-389513,CTLA4 inhibitory signaling,4,21,1.57,1.04,2e-4,"9606.ENSP00000332049,9606.ENSP00000428924,9606.ENSP00000477713,9606.ENSP00000497102","CD86,LYN,LCK,CTLA4"
Reactome,HSA-5357801,Programmed Cell Death,8,206,0.88,0.79,3.4e-4,"9606.ENSP00000216341,9606.ENSP00000245414,9606.ENSP00000311032,9606.ENSP00000356694,9606.ENSP00000363089,9606.ENSP00000363993,9606.ENSP00000364016,9606.ENSP00000433138","GZMB,IRF1,CASP3,FASLG,TLR4,PSMB9,PSMB8,CASP1"
Reactome,HSA-380108,Chemokine receptors bind chemokines,5,57,1.24,0.9,3.8e-4,"9606.ENSP00000246657,9606.ENSP00000292301,9606.ENSP00000292303,9606.ENSP00000305651,9606.ENSP00000386884","CCR7,CCR2,CCR5,CXCL10,CXCR4"
Reactome,HSA-5668541,TNFR2 non-canonical NF-kB pathway,6,99,1.08,0.86,3.8e-4,"9606.ENSP00000266557,9606.ENSP00000361359,9606.ENSP00000363993,9606.ENSP00000364016,9606.ENSP00000376500,9606.ENSP00000398698","CD27,CD40,PSMB9,PSMB8,TRAF3,TNF"
Reactome,HSA-5218859,Regulated Necrosis,5,58,1.23,0.9,4e-4,"9606.ENSP00000216341,9606.ENSP00000245414,9606.ENSP00000311032,9606.ENSP00000356694,9606.ENSP00000433138","GZMB,IRF1,CASP3,FASLG,CASP1"
Reactome,HSA-5620971,Pyroptosis,4,27,1.47,0.94,4.1e-4,"9606.ENSP00000216341,9606.ENSP00000245414,9606.ENSP00000311032,9606.ENSP00000433138","GZMB,IRF1,CASP3,CASP1"
Reactome,HSA-2029485,Role of phospholipids in phagocytosis,4,28,1.45,0.92,4.7e-4,"9606.ENSP00000271450,9606.ENSP00000354782,9606.ENSP00000356946,9606.ENSP00000364898","FCGR2A,CD247,FCGR3A,SYK"
Reactome,HSA-6811558,"PI5P, PP2A and IER3 Regulate PI3K/AKT Signaling",6,106,1.05,0.82,5.1e-4,"9606.ENSP00000249071,9606.ENSP00000332049,9606.ENSP00000469613,9606.ENSP00000472929,9606.ENSP00000477713,9606.ENSP00000498321","RAC2,CD86,FLT3LG,VAV1,LCK,MYD88"
Reactome,HSA-389359,CD28 dependent Vav1 pathway,3,12,1.69,0.84,0.0012,"9606.ENSP00000332049,9606.ENSP00000472929,9606.ENSP00000477713","CD86,VAV1,LCK"
Reactome,HSA-9020558,Interleukin-2 signaling,3,12,1.69,0.84,0.0012,"9606.ENSP00000341208,9606.ENSP00000364898,9606.ENSP00000477713","STAT5A,SYK,LCK"
Reactome,HSA-2219530,Constitutive Signaling by Aberrant PI3K in Cancer,5,78,1.1,0.75,0.0013,"9606.ENSP00000249071,9606.ENSP00000332049,9606.ENSP00000469613,9606.ENSP00000472929,9606.ENSP00000477713","RAC2,CD86,FLT3LG,VAV1,LCK"
Reactome,HSA-8985947,Interleukin-9 signaling,2,9,1.64,0.52,0.0171,"9606.ENSP00000341208,9606.ENSP00000354394","STAT5A,STAT1"
Reactome,HSA-9020958,Interleukin-21 signaling,2,10,1.6,0.5,0.0192,"9606.ENSP00000341208,9606.ENSP00000354394","STAT5A,STAT1"
Reactome,HSA-388396,GPCR downstream signalling,9,624,0.45,0.31,0.0429,"9606.ENSP00000246657,9606.ENSP00000292301,9606.ENSP00000292303,9606.ENSP00000305651,9606.ENSP00000312999,9606.ENSP00000386884,9606.ENSP00000403701,9606.ENSP00000472929,9606.ENSP00000483570","CCR7,CCR2,CCR5,CXCL10,GNAI2,CXCR4,ARRB2,VAV1,BTK"
Reactome,HSA-418594,G alpha (i) signalling events,6,309,0.58,0.32,0.0473,"9606.ENSP00000246657,9606.ENSP00000292301,9606.ENSP00000292303,9606.ENSP00000305651,9606.ENSP00000312999,9606.ENSP00000386884","CCR7,CCR2,CCR5,CXCL10,GNAI2,CXCR4"
WikiPathways,WP5218,Extrafollicular and follicular B cell activation by SARS-CoV-2,16,72,1.64,4.08,4.3e-18,"9606.ENSP00000216037,9606.ENSP00000228434,9606.ENSP00000229135,9606.ENSP00000246657,9606.ENSP00000268638,9606.ENSP00000341208,9606.ENSP00000361359,9606.ENSP00000363089,9606.ENSP00000364898,9606.ENSP00000370343,9606.ENSP00000376436,9606.ENSP00000380948,9606.ENSP00000386884,9606.ENSP00000398698,9606.ENSP00000411355,9606.ENSP00000498227","XBP1,CD69,IFNG,CCR7,IRF8,STAT5A,CD40,TLR4,SYK,IRF4,ETS1,ITGB2,CXCR4,TNF,PTPRC,SELL"
WikiPathways,WP5098,T-cell activation SARS-CoV-2,15,88,1.53,3.41,1.32e-15,"9606.ENSP00000011653,9606.ENSP00000046794,9606.ENSP00000226574,9606.ENSP00000229135,9606.ENSP00000264972,9606.ENSP00000300692,9606.ENSP00000332049,9606.ENSP00000354782,9606.ENSP00000361021,9606.ENSP00000371067,9606.ENSP00000398698,9606.ENSP00000411355,9606.ENSP00000477713,9606.ENSP00000497102,9606.ENSP00000498321","CD4,LCP2,NFKB1,IFNG,ZAP70,CD3D,CD86,CD247,PTEN,JAK2,TNF,PTPRC,LCK,CTLA4,MYD88"
WikiPathways,WP5115,Network map of SARS-CoV-2 signaling pathway,19,218,1.23,2.75,2.15e-15,"9606.ENSP00000011653,9606.ENSP00000229135,9606.ENSP00000256442,9606.ENSP00000264972,9606.ENSP00000292303,9606.ENSP00000301633,9606.ENSP00000305651,9606.ENSP00000311032,9606.ENSP00000354394,9606.ENSP00000354782,9606.ENSP00000358490,9606.ENSP00000371067,9606.ENSP00000376500,9606.ENSP00000378699,9606.ENSP00000386559,9606.ENSP00000391592,9606.ENSP00000398698,9606.ENSP00000477713,9606.ENSP00000498321","CD4,IFNG,CCNB1,ZAP70,CCR5,BIRC5,CXCL10,CASP3,STAT1,CD247,CD2,JAK2,TRAF3,CDK1,CD8A,PTPN6,TNF,LCK,MYD88"
WikiPathways,WP619,Type II interferon signaling,11,37,1.77,3.37,1.17e-13,"9606.ENSP00000229135,9606.ENSP00000245414,9606.ENSP00000264832,9606.ENSP00000268638,9606.ENSP00000305651,9606.ENSP00000354394,9606.ENSP00000363993,9606.ENSP00000367851,9606.ENSP00000370343,9606.ENSP00000371067,9606.ENSP00000399168","IFNG,IRF1,ICAM1,IRF8,CXCL10,STAT1,PSMB9,CYBB,IRF4,JAK2,HLA-B"
WikiPathways,WP3937,Microglia pathogen phagocytosis pathway,11,40,1.73,3.28,1.95e-13,"9606.ENSP00000249071,9606.ENSP00000262629,9606.ENSP00000289902,9606.ENSP00000364898,9606.ENSP00000365012,9606.ENSP00000367851,9606.ENSP00000380948,9606.ENSP00000391592,9606.ENSP00000428924,9606.ENSP00000472929,9606.ENSP00000496959","RAC2,TYROBP,FCER1G,SYK,HCK,CYBB,ITGB2,PTPN6,LYN,VAV1,ITGAM"
WikiPathways,WP3863,T-cell antigen receptor (TCR) pathway during Staphylococcus aureus infection,12,62,1.58,3.06,3.08e-13,"9606.ENSP00000011653,9606.ENSP00000046794,9606.ENSP00000226574,9606.ENSP00000229135,9606.ENSP00000264972,9606.ENSP00000300692,9606.ENSP00000386559,9606.ENSP00000391592,9606.ENSP00000398698,9606.ENSP00000411355,9606.ENSP00000477713,9606.ENSP00000497102","CD4,LCP2,NFKB1,IFNG,ZAP70,CD3D,CD8A,PTPN6,TNF,PTPRC,LCK,CTLA4"
WikiPathways,WP5322,CKAP4 signaling pathway map,14,114,1.38,2.75,3.32e-13,"9606.ENSP00000009530,9606.ENSP00000226574,9606.ENSP00000256442,9606.ENSP00000278616,9606.ENSP00000301633,9606.ENSP00000305651,9606.ENSP00000311032,9606.ENSP00000354394,9606.ENSP00000361021,9606.ENSP00000378699,9606.ENSP00000398632,9606.ENSP00000398698,9606.ENSP00000418960,9606.ENSP00000433138","CD74,NFKB1,CCNB1,ATM,BIRC5,CXCL10,CASP3,STAT1,PTEN,CDK1,CD44,TNF,BRCA1,CASP1"
WikiPathways,WP5130,Th17 cell differentiation pathway,12,69,1.53,2.92,7.23e-13,"9606.ENSP00000011653,9606.ENSP00000221930,9606.ENSP00000226574,9606.ENSP00000229135,9606.ENSP00000264972,9606.ENSP00000300692,9606.ENSP00000341208,9606.ENSP00000354394,9606.ENSP00000354782,9606.ENSP00000370343,9606.ENSP00000371067,9606.ENSP00000477713","CD4,TGFB1,NFKB1,IFNG,ZAP70,CD3D,STAT5A,STAT1,CD247,IRF4,JAK2,LCK"
WikiPathways,WP286,IL-3 signaling pathway,11,49,1.65,3.06,7.51e-13,"9606.ENSP00000221930,9606.ENSP00000228434,9606.ENSP00000332049,9606.ENSP00000341208,9606.ENSP00000364898,9606.ENSP00000365012,9606.ENSP00000371067,9606.ENSP00000391592,9606.ENSP00000405338,9606.ENSP00000428924,9606.ENSP00000472929","TGFB1,CD69,CD86,STAT5A,SYK,HCK,JAK2,PTPN6,INPP5D,LYN,VAV1"
WikiPathways,WP23,B cell receptor signaling pathway,13,97,1.42,2.74,8.61e-13,"9606.ENSP00000226574,9606.ENSP00000249071,9606.ENSP00000320176,9606.ENSP00000364898,9606.ENSP00000370343,9606.ENSP00000376436,9606.ENSP00000391592,9606.ENSP00000405338,9606.ENSP00000411355,9606.ENSP00000428924,9606.ENSP00000472929,9606.ENSP00000477713,9606.ENSP00000483570","NFKB1,RAC2,HCLS1,SYK,IRF4,ETS1,PTPN6,INPP5D,PTPRC,LYN,VAV1,LCK,BTK"
WikiPathways,WP3929,Chemokine signaling pathway,15,165,1.25,2.44,1.22e-12,"9606.ENSP00000226574,9606.ENSP00000246657,9606.ENSP00000249071,9606.ENSP00000292301,9606.ENSP00000305651,9606.ENSP00000312999,9606.ENSP00000354394,9606.ENSP00000363117,9606.ENSP00000365012,9606.ENSP00000371067,9606.ENSP00000386884,9606.ENSP00000403701,9606.ENSP00000428924,9606.ENSP00000429283,9606.ENSP00000472929","NFKB1,CCR7,RAC2,CCR2,CXCL10,GNAI2,STAT1,FGR,HCK,JAK2,CXCR4,ARRB2,LYN,DOCK2,VAV1"
WikiPathways,WP4329,miRNA role in immune response in sepsis,10,37,1.73,3.05,1.97e-12,"9606.ENSP00000216341,9606.ENSP00000226574,9606.ENSP00000245414,9606.ENSP00000264832,9606.ENSP00000312082,9606.ENSP00000363089,9606.ENSP00000376500,9606.ENSP00000380697,9606.ENSP00000398698,9606.ENSP00000498321","GZMB,NFKB1,IRF1,ICAM1,TLR8,TLR4,TRAF3,IRF7,TNF,MYD88"
WikiPathways,WP4298,Acute viral myocarditis,12,85,1.44,2.66,4.2e-12,"9606.ENSP00000011653,9606.ENSP00000221930,9606.ENSP00000229135,9606.ENSP00000249071,9606.ENSP00000292303,9606.ENSP00000311032,9606.ENSP00000354394,9606.ENSP00000363089,9606.ENSP00000380948,9606.ENSP00000386884,9606.ENSP00000398698,9606.ENSP00000433138","CD4,TGFB1,IFNG,RAC2,CCR5,CASP3,STAT1,TLR4,ITGB2,CXCR4,TNF,CASP1"
WikiPathways,WP5284,Cell interactions of the pancreatic cancer microenvironment,9,25,1.85,3.07,4.2e-12,"9606.ENSP00000221930,9606.ENSP00000286301,9606.ENSP00000292301,9606.ENSP00000292303,9606.ENSP00000305651,9606.ENSP00000332049,9606.ENSP00000356694,9606.ENSP00000386884,9606.ENSP00000497102","TGFB1,CSF1R,CCR2,CCR5,CXCL10,CD86,FASLG,CXCR4,CTLA4"
WikiPathways,WP2328,Allograft rejection,12,88,1.43,2.62,5.07e-12,"9606.ENSP00000216341,9606.ENSP00000221930,9606.ENSP00000229135,9606.ENSP00000311032,9606.ENSP00000332049,9606.ENSP00000354394,9606.ENSP00000356694,9606.ENSP00000361359,9606.ENSP00000379873,9606.ENSP00000398698,9606.ENSP00000399168,9606.ENSP00000497102","GZMB,TGFB1,IFNG,CASP3,CD86,STAT1,FASLG,CD40,HLA-A,TNF,HLA-B,CTLA4"
WikiPathways,WP69,T-cell receptor signaling pathway,12,90,1.42,2.59,5.96e-12,"9606.ENSP00000011653,9606.ENSP00000046794,9606.ENSP00000221930,9606.ENSP00000226574,9606.ENSP00000264972,9606.ENSP00000292303,9606.ENSP00000300692,9606.ENSP00000354782,9606.ENSP00000370343,9606.ENSP00000386559,9606.ENSP00000472929,9606.ENSP00000477713","CD4,LCP2,TGFB1,NFKB1,ZAP70,CCR5,CD3D,CD247,IRF4,CD8A,VAV1,LCK"
WikiPathways,WP75,Toll-like receptor signaling pathway,12,102,1.37,2.42,2.19e-11,"9606.ENSP00000226574,9606.ENSP00000260010,9606.ENSP00000305651,9606.ENSP00000312082,9606.ENSP00000332049,9606.ENSP00000354394,9606.ENSP00000361359,9606.ENSP00000363089,9606.ENSP00000376500,9606.ENSP00000380697,9606.ENSP00000398698,9606.ENSP00000498321","NFKB1,TLR2,CXCL10,TLR8,CD86,STAT1,CD40,TLR4,TRAF3,IRF7,TNF,MYD88"
WikiPathways,WP254,Apoptosis,11,83,1.42,2.41,6.23e-11,"9606.ENSP00000216341,9606.ENSP00000226574,9606.ENSP00000245414,9606.ENSP00000301633,9606.ENSP00000311032,9606.ENSP00000356694,9606.ENSP00000370343,9606.ENSP00000376500,9606.ENSP00000380697,9606.ENSP00000398698,9606.ENSP00000433138","GZMB,NFKB1,IRF1,BIRC5,CASP3,FASLG,IRF4,TRAF3,IRF7,TNF,CASP1"
WikiPathways,WP2203,Thymic stromal lymphopoietin (TSLP) signaling pathway,9,47,1.58,2.42,3.43e-10,"9606.ENSP00000226574,9606.ENSP00000306157,9606.ENSP00000341208,9606.ENSP00000354394,9606.ENSP00000365012,9606.ENSP00000371067,9606.ENSP00000428924,9606.ENSP00000477713,9606.ENSP00000483570","NFKB1,IL7R,STAT5A,STAT1,HCK,JAK2,LYN,LCK,BTK"
WikiPathways,WP5088,Prostaglandin signaling,8,32,1.69,2.43,7.61e-10,"9606.ENSP00000221930,9606.ENSP00000226574,9606.ENSP00000229135,9606.ENSP00000292301,9606.ENSP00000305651,9606.ENSP00000380697,9606.ENSP00000398698,9606.ENSP00000433138","TGFB1,NFKB1,IFNG,CCR2,CXCL10,IRF7,TNF,CASP1"
WikiPathways,WP5072,Modulators of TCR signaling and T cell activation,9,61,1.46,2.14,2.54e-9,"9606.ENSP00000046794,9606.ENSP00000226574,9606.ENSP00000264972,9606.ENSP00000300692,9606.ENSP00000354782,9606.ENSP00000386559,9606.ENSP00000391592,9606.ENSP00000472929,9606.ENSP00000477713","LCP2,NFKB1,ZAP70,CD3D,CD247,CD8A,PTPN6,VAV1,LCK"
WikiPathways,WP4585,Cancer immunotherapy by PD-1 blockade,7,23,1.78,2.3,4.08e-9,"9606.ENSP00000226574,9606.ENSP00000229135,9606.ENSP00000264972,9606.ENSP00000300692,9606.ENSP00000379873,9606.ENSP00000386559,9606.ENSP00000477713","NFKB1,IFNG,ZAP70,CD3D,HLA-A,CD8A,LCK"
WikiPathways,WP4630,Measles virus infection,11,135,1.21,1.82,6.05e-9,"9606.ENSP00000226574,9606.ENSP00000260010,9606.ENSP00000300692,9606.ENSP00000311032,9606.ENSP00000341208,9606.ENSP00000354394,9606.ENSP00000356694,9606.ENSP00000363089,9606.ENSP00000376500,9606.ENSP00000380697,9606.ENSP00000498321","NFKB1,TLR2,CD3D,CASP3,STAT5A,STAT1,FASLG,TLR4,TRAF3,IRF7,MYD88"
WikiPathways,WP4341,"Non-genomic actions of 1,25 dihydroxyvitamin D3",9,74,1.38,1.94,1.07e-8,"9606.ENSP00000226574,9606.ENSP00000229135,9606.ENSP00000260010,9606.ENSP00000312082,9606.ENSP00000354394,9606.ENSP00000361359,9606.ENSP00000363089,9606.ENSP00000376436,9606.ENSP00000398698","NFKB1,IFNG,TLR2,TLR8,STAT1,CD40,TLR4,ETS1,TNF"
WikiPathways,WP2037,Prolactin signaling pathway,9,76,1.37,1.92,1.17e-8,"9606.ENSP00000226574,9606.ENSP00000245414,9606.ENSP00000264972,9606.ENSP00000311032,9606.ENSP00000341208,9606.ENSP00000354394,9606.ENSP00000371067,9606.ENSP00000391592,9606.ENSP00000472929","NFKB1,IRF1,ZAP70,CASP3,STAT5A,STAT1,JAK2,PTPN6,VAV1"
WikiPathways,WP2583,T cell receptor and co-stimulatory signaling,7,28,1.69,2.14,1.17e-8,"9606.ENSP00000226574,9606.ENSP00000264972,9606.ENSP00000361021,9606.ENSP00000386559,9606.ENSP00000391592,9606.ENSP00000477713,9606.ENSP00000497102","NFKB1,ZAP70,PTEN,CD8A,PTPN6,LCK,CTLA4"
WikiPathways,WP4559,Interactions between immune cells and microRNAs in tumor microenvironment,7,28,1.69,2.14,1.17e-8,"9606.ENSP00000221930,9606.ENSP00000226574,9606.ENSP00000305651,9606.ENSP00000312082,9606.ENSP00000332049,9606.ENSP00000363089,9606.ENSP00000497102","TGFB1,NFKB1,CXCL10,TLR8,CD86,TLR4,CTLA4"
WikiPathways,WP4494,Selective expression of chemokine receptors during T-cell polarization,7,29,1.68,2.13,1.26e-8,"9606.ENSP00000011653,9606.ENSP00000221930,9606.ENSP00000229135,9606.ENSP00000246657,9606.ENSP00000292301,9606.ENSP00000292303,9606.ENSP00000386884","CD4,TGFB1,IFNG,CCR7,CCR2,CCR5,CXCR4"
WikiPathways,WP2431,Spinal cord injury,10,115,1.23,1.77,1.83e-8,"9606.ENSP00000221930,9606.ENSP00000229135,9606.ENSP00000264832,9606.ENSP00000271450,9606.ENSP00000292301,9606.ENSP00000305651,9606.ENSP00000311032,9606.ENSP00000363089,9606.ENSP00000378699,9606.ENSP00000398698","TGFB1,IFNG,ICAM1,FCGR2A,CCR2,CXCL10,CASP3,TLR4,CDK1,TNF"
WikiPathways,WP304,Kit receptor signaling pathway,8,59,1.43,1.87,3.73e-8,"9606.ENSP00000341208,9606.ENSP00000354394,9606.ENSP00000371067,9606.ENSP00000391592,9606.ENSP00000405338,9606.ENSP00000428924,9606.ENSP00000472929,9606.ENSP00000483570","STAT5A,STAT1,JAK2,PTPN6,INPP5D,LYN,VAV1,BTK"
WikiPathways,WP4884,Pathogenesis of SARS-CoV-2 mediated by nsp9-nsp10 complex,6,21,1.75,1.95,8.65e-8,"9606.ENSP00000011653,9606.ENSP00000264972,9606.ENSP00000354782,9606.ENSP00000358490,9606.ENSP00000386559,9606.ENSP00000477713","CD4,ZAP70,CD247,CD2,CD8A,LCK"
WikiPathways,WP5055,Burn wound healing,9,100,1.25,1.65,9.04e-8,"9606.ENSP00000226574,9606.ENSP00000260010,9606.ENSP00000264832,9606.ENSP00000311032,9606.ENSP00000312082,9606.ENSP00000363089,9606.ENSP00000386884,9606.ENSP00000398698,9606.ENSP00000498321","NFKB1,TLR2,ICAM1,CASP3,TLR8,TLR4,CXCR4,TNF,MYD88"
WikiPathways,WP5198,Inflammatory bowel disease signaling,7,43,1.51,1.81,1.2e-7,"9606.ENSP00000221930,9606.ENSP00000226574,9606.ENSP00000229135,9606.ENSP00000260010,9606.ENSP00000354394,9606.ENSP00000363089,9606.ENSP00000398698","TGFB1,NFKB1,IFNG,TLR2,STAT1,TLR4,TNF"
WikiPathways,WP5078,T cell modulation in pancreatic cancer,7,45,1.49,1.77,1.55e-7,"9606.ENSP00000221930,9606.ENSP00000332049,9606.ENSP00000356694,9606.ENSP00000360250,9606.ENSP00000361359,9606.ENSP00000379873,9606.ENSP00000497102","TGFB1,CD86,FASLG,ENTPD1,CD40,HLA-A,CTLA4"
WikiPathways,WP585,Interferon type I signaling pathways,7,54,1.41,1.62,4.62e-7,"9606.ENSP00000264972,9606.ENSP00000341208,9606.ENSP00000354394,9606.ENSP00000391592,9606.ENSP00000411355,9606.ENSP00000472929,9606.ENSP00000477713","ZAP70,STAT5A,STAT1,PTPN6,PTPRC,VAV1,LCK"
WikiPathways,WP4462,Platelet-mediated interactions with vascular and circulating cells,5,17,1.76,1.65,1.27e-6,"9606.ENSP00000221930,9606.ENSP00000260010,9606.ENSP00000264832,9606.ENSP00000361359,9606.ENSP00000363089","TGFB1,TLR2,ICAM1,CD40,TLR4"
WikiPathways,WP5039,SARS-CoV-2 innate immunity evasion and cell-specific immune response,7,66,1.32,1.47,1.43e-6,"9606.ENSP00000221930,9606.ENSP00000226574,9606.ENSP00000305651,9606.ENSP00000354394,9606.ENSP00000376500,9606.ENSP00000380697,9606.ENSP00000398698","TGFB1,NFKB1,CXCL10,STAT1,TRAF3,IRF7,TNF"
WikiPathways,WP5174,Ulcerative colitis signaling,5,18,1.74,1.63,1.55e-6,"9606.ENSP00000221930,9606.ENSP00000226574,9606.ENSP00000229135,9606.ENSP00000260010,9606.ENSP00000398698","TGFB1,NFKB1,IFNG,TLR2,TNF"
WikiPathways,WP4754,IL-18 signaling pathway,11,271,0.9,1.12,2.84e-6,"9606.ENSP00000226574,9606.ENSP00000229135,9606.ENSP00000245414,9606.ENSP00000264832,9606.ENSP00000311032,9606.ENSP00000356694,9606.ENSP00000361021,9606.ENSP00000398698,9606.ENSP00000477713,9606.ENSP00000481380,9606.ENSP00000498321","NFKB1,IFNG,IRF1,ICAM1,CASP3,FASLG,PTEN,TNF,LCK,CCNA2,MYD88"
WikiPathways,WP453,Inflammatory response pathway,5,30,1.52,1.34,1.17e-5,"9606.ENSP00000229135,9606.ENSP00000264972,9606.ENSP00000332049,9606.ENSP00000361359,9606.ENSP00000477713","IFNG,ZAP70,CD86,CD40,LCK"
WikiPathways,WP3865,Novel intracellular components of RIG-I-like receptor pathway,6,59,1.3,1.26,1.25e-5,"9606.ENSP00000226574,9606.ENSP00000229135,9606.ENSP00000305651,9606.ENSP00000376500,9606.ENSP00000380697,9606.ENSP00000398698","NFKB1,IFNG,CXCL10,TRAF3,IRF7,TNF"
WikiPathways,WP3892,Development of pulmonary dendritic cells and macrophage subsets,4,13,1.78,1.35,1.8e-5,"9606.ENSP00000268638,9606.ENSP00000331614,9606.ENSP00000370343,9606.ENSP00000469613","IRF8,IKZF1,IRF4,FLT3LG"
WikiPathways,WP4484,Control of immune tolerance by vasoactive intestinal peptide,4,13,1.78,1.35,1.8e-5,"9606.ENSP00000221930,9606.ENSP00000229135,9606.ENSP00000332049,9606.ENSP00000497102","TGFB1,IFNG,CD86,CTLA4"
WikiPathways,WP364,IL6 signaling pathway,5,43,1.36,1.14,4.92e-5,"9606.ENSP00000245414,9606.ENSP00000354394,9606.ENSP00000365012,9606.ENSP00000371067,9606.ENSP00000472929","IRF1,STAT1,HCK,JAK2,VAV1"
WikiPathways,WP560,TGF-beta receptor signaling,5,54,1.26,1.02,1.3e-4,"9606.ENSP00000221930,9606.ENSP00000226574,9606.ENSP00000229135,9606.ENSP00000354394,9606.ENSP00000398698","TGFB1,NFKB1,IFNG,STAT1,TNF"
WikiPathways,WP4816,TGF-beta receptor signaling in skeletal dysplasias,5,58,1.23,0.99,1.6e-4,"9606.ENSP00000221930,9606.ENSP00000226574,9606.ENSP00000229135,9606.ENSP00000354394,9606.ENSP00000398698","TGFB1,NFKB1,IFNG,STAT1,TNF"
WikiPathways,WP5092,Interactions of natural killer cells in pancreatic cancer,4,27,1.47,1.04,1.7e-4,"9606.ENSP00000216341,9606.ENSP00000229135,9606.ENSP00000356946,9606.ENSP00000398698","GZMB,IFNG,FCGR3A,TNF"
WikiPathways,WP4146,Macrophage markers,3,9,1.82,1.04,2.5e-4,"9606.ENSP00000009530,9606.ENSP00000249071,9606.ENSP00000332049","CD74,RAC2,CD86"
WikiPathways,WP5269,Genetic causes of porto-sinusoidal vascular disease,4,37,1.33,0.9,4.7e-4,"9606.ENSP00000226574,9606.ENSP00000312082,9606.ENSP00000367851,9606.ENSP00000483570","NFKB1,TLR8,CYBB,BTK"
WikiPathways,WP4582,Cancer immunotherapy by CTLA4 blockade,3,14,1.63,0.9,6.8e-4,"9606.ENSP00000332049,9606.ENSP00000391592,9606.ENSP00000497102","CD86,PTPN6,CTLA4"
WikiPathways,WP2036,TNF-related weak inducer of apoptosis (TWEAK) signaling pathway,4,42,1.27,0.85,7.1e-4,"9606.ENSP00000226574,9606.ENSP00000311032,9606.ENSP00000376500,9606.ENSP00000398698","NFKB1,CASP3,TRAF3,TNF"
WikiPathways,WP49,IL-2 signaling pathway,4,42,1.27,0.85,7.1e-4,"9606.ENSP00000341208,9606.ENSP00000354394,9606.ENSP00000364898,9606.ENSP00000477713","STAT5A,STAT1,SYK,LCK"
WikiPathways,WP5063,FOXP3 in COVID-19,3,15,1.6,0.88,7.9e-4,"9606.ENSP00000306157,9606.ENSP00000332049,9606.ENSP00000341208","IL7R,CD86,STAT5A"
WikiPathways,WP4493,Cells and molecules involved in local acute inflammatory response ,3,17,1.54,0.85,0.001,"9606.ENSP00000264832,9606.ENSP00000380948,9606.ENSP00000398698","ICAM1,ITGB2,TNF"
WikiPathways,WP1533,Vitamin B12 metabolism,4,50,1.2,0.78,0.0012,"9606.ENSP00000226574,9606.ENSP00000229135,9606.ENSP00000264832,9606.ENSP00000398698","NFKB1,IFNG,ICAM1,TNF"
WikiPathways,WP3611,Photodynamic therapy-induced AP-1 survival signaling,4,50,1.2,0.78,0.0012,"9606.ENSP00000229135,9606.ENSP00000356694,9606.ENSP00000398698,9606.ENSP00000481380","IFNG,FASLG,TNF,CCNA2"
WikiPathways,WP2849,Hematopoietic stem cell differentiation,4,54,1.16,0.75,0.0015,"9606.ENSP00000331614,9606.ENSP00000341208,9606.ENSP00000386884,9606.ENSP00000472929","IKZF1,STAT5A,CXCR4,VAV1"
WikiPathways,WP5044,Kynurenine pathway and links to cell senescence,3,23,1.41,0.75,0.0021,"9606.ENSP00000229135,9606.ENSP00000363089,9606.ENSP00000398698","IFNG,TLR4,TNF"
WikiPathways,WP205,IL-7 signaling pathway,3,25,1.37,0.72,0.0026,"9606.ENSP00000306157,9606.ENSP00000341208,9606.ENSP00000354394","IL7R,STAT5A,STAT1"
WikiPathways,WP5095,Overview of proinflammatory and profibrotic mediators,5,126,0.89,0.6,0.0035,"9606.ENSP00000221930,9606.ENSP00000226574,9606.ENSP00000229135,9606.ENSP00000305651,9606.ENSP00000398698","TGFB1,NFKB1,IFNG,CXCL10,TNF"
WikiPathways,WP24,Peptide GPCRs,4,72,1.04,0.63,0.0038,"9606.ENSP00000246657,9606.ENSP00000292301,9606.ENSP00000292303,9606.ENSP00000386884","CCR7,CCR2,CCR5,CXCR4"
WikiPathways,WP4655,Cytosolic DNA-sensing pathway,4,73,1.03,0.63,0.0039,"9606.ENSP00000226574,9606.ENSP00000305651,9606.ENSP00000380697,9606.ENSP00000433138","NFKB1,CXCL10,IRF7,CASP1"
WikiPathways,WP5285,Immune infiltration in pancreatic cancer,3,38,1.19,0.6,0.0064,"9606.ENSP00000221930,9606.ENSP00000229135,9606.ENSP00000398698","TGFB1,IFNG,TNF"
WikiPathways,WP4891,COVID-19 adverse outcome pathway,2,15,1.42,0.51,0.0164,"9606.ENSP00000305651,9606.ENSP00000398698","CXCL10,TNF"
WikiPathways,WP5182,Pro-survival signaling of neuroprotectin D1,2,15,1.42,0.51,0.0164,"9606.ENSP00000311032,9606.ENSP00000398698","CASP3,TNF"
WikiPathways,WP22,IL-9 signaling pathway,2,17,1.37,0.49,0.0198,"9606.ENSP00000341208,9606.ENSP00000354394","STAT5A,STAT1"
WikiPathways,WP3624,Lung fibrosis,3,63,0.97,0.44,0.0217,"9606.ENSP00000221930,9606.ENSP00000292301,9606.ENSP00000398698","TGFB1,CCR2,TNF"
WikiPathways,WP5033,Genes associated with the development of rheumatoid arthritis,2,18,1.34,0.47,0.0217,"9606.ENSP00000361359,9606.ENSP00000497102","CD40,CTLA4"
WikiPathways,WP4538,Regulatory circuits of the STAT3 signaling pathway,3,77,0.89,0.39,0.0335,"9606.ENSP00000306157,9606.ENSP00000371067,9606.ENSP00000411355","IL7R,JAK2,PTPRC"
